status,key,metric_or_ref_shape,candidate_shape,note
report,backbone_strict_load,,,
metric,matched_key_count,199,,
metric,missing_key_count,0,,
metric,unexpected_key_count,0,,
metric,shape_mismatch_count,0,,
metric,matched_tensor_ratio,1.0,,
metric,matched_param_ratio,1.0,,
,,,,
matched,embeddings.LayerNorm.bias,,,
matched,embeddings.LayerNorm.weight,,,
matched,embeddings.position_embeddings.weight,,,
matched,embeddings.token_type_embeddings.weight,,,
matched,embeddings.word_embeddings.weight,,,
matched,encoder.layer.0.attention.output.LayerNorm.bias,,,
matched,encoder.layer.0.attention.output.LayerNorm.weight,,,
matched,encoder.layer.0.attention.output.dense.bias,,,
matched,encoder.layer.0.attention.output.dense.weight,,,
matched,encoder.layer.0.attention.self.key.bias,,,
matched,encoder.layer.0.attention.self.key.weight,,,
matched,encoder.layer.0.attention.self.query.bias,,,
matched,encoder.layer.0.attention.self.query.weight,,,
matched,encoder.layer.0.attention.self.value.bias,,,
matched,encoder.layer.0.attention.self.value.weight,,,
matched,encoder.layer.0.intermediate.dense.bias,,,
matched,encoder.layer.0.intermediate.dense.weight,,,
matched,encoder.layer.0.output.LayerNorm.bias,,,
matched,encoder.layer.0.output.LayerNorm.weight,,,
matched,encoder.layer.0.output.dense.bias,,,
matched,encoder.layer.0.output.dense.weight,,,
matched,encoder.layer.1.attention.output.LayerNorm.bias,,,
matched,encoder.layer.1.attention.output.LayerNorm.weight,,,
matched,encoder.layer.1.attention.output.dense.bias,,,
matched,encoder.layer.1.attention.output.dense.weight,,,
matched,encoder.layer.1.attention.self.key.bias,,,
matched,encoder.layer.1.attention.self.key.weight,,,
matched,encoder.layer.1.attention.self.query.bias,,,
matched,encoder.layer.1.attention.self.query.weight,,,
matched,encoder.layer.1.attention.self.value.bias,,,
matched,encoder.layer.1.attention.self.value.weight,,,
matched,encoder.layer.1.intermediate.dense.bias,,,
matched,encoder.layer.1.intermediate.dense.weight,,,
matched,encoder.layer.1.output.LayerNorm.bias,,,
matched,encoder.layer.1.output.LayerNorm.weight,,,
matched,encoder.layer.1.output.dense.bias,,,
matched,encoder.layer.1.output.dense.weight,,,
matched,encoder.layer.10.attention.output.LayerNorm.bias,,,
matched,encoder.layer.10.attention.output.LayerNorm.weight,,,
matched,encoder.layer.10.attention.output.dense.bias,,,
matched,encoder.layer.10.attention.output.dense.weight,,,
matched,encoder.layer.10.attention.self.key.bias,,,
matched,encoder.layer.10.attention.self.key.weight,,,
matched,encoder.layer.10.attention.self.query.bias,,,
matched,encoder.layer.10.attention.self.query.weight,,,
matched,encoder.layer.10.attention.self.value.bias,,,
matched,encoder.layer.10.attention.self.value.weight,,,
matched,encoder.layer.10.intermediate.dense.bias,,,
matched,encoder.layer.10.intermediate.dense.weight,,,
matched,encoder.layer.10.output.LayerNorm.bias,,,
matched,encoder.layer.10.output.LayerNorm.weight,,,
matched,encoder.layer.10.output.dense.bias,,,
matched,encoder.layer.10.output.dense.weight,,,
matched,encoder.layer.11.attention.output.LayerNorm.bias,,,
matched,encoder.layer.11.attention.output.LayerNorm.weight,,,
matched,encoder.layer.11.attention.output.dense.bias,,,
matched,encoder.layer.11.attention.output.dense.weight,,,
matched,encoder.layer.11.attention.self.key.bias,,,
matched,encoder.layer.11.attention.self.key.weight,,,
matched,encoder.layer.11.attention.self.query.bias,,,
matched,encoder.layer.11.attention.self.query.weight,,,
matched,encoder.layer.11.attention.self.value.bias,,,
matched,encoder.layer.11.attention.self.value.weight,,,
matched,encoder.layer.11.intermediate.dense.bias,,,
matched,encoder.layer.11.intermediate.dense.weight,,,
matched,encoder.layer.11.output.LayerNorm.bias,,,
matched,encoder.layer.11.output.LayerNorm.weight,,,
matched,encoder.layer.11.output.dense.bias,,,
matched,encoder.layer.11.output.dense.weight,,,
matched,encoder.layer.2.attention.output.LayerNorm.bias,,,
matched,encoder.layer.2.attention.output.LayerNorm.weight,,,
matched,encoder.layer.2.attention.output.dense.bias,,,
matched,encoder.layer.2.attention.output.dense.weight,,,
matched,encoder.layer.2.attention.self.key.bias,,,
matched,encoder.layer.2.attention.self.key.weight,,,
matched,encoder.layer.2.attention.self.query.bias,,,
matched,encoder.layer.2.attention.self.query.weight,,,
matched,encoder.layer.2.attention.self.value.bias,,,
matched,encoder.layer.2.attention.self.value.weight,,,
matched,encoder.layer.2.intermediate.dense.bias,,,
matched,encoder.layer.2.intermediate.dense.weight,,,
matched,encoder.layer.2.output.LayerNorm.bias,,,
matched,encoder.layer.2.output.LayerNorm.weight,,,
matched,encoder.layer.2.output.dense.bias,,,
matched,encoder.layer.2.output.dense.weight,,,
matched,encoder.layer.3.attention.output.LayerNorm.bias,,,
matched,encoder.layer.3.attention.output.LayerNorm.weight,,,
matched,encoder.layer.3.attention.output.dense.bias,,,
matched,encoder.layer.3.attention.output.dense.weight,,,
matched,encoder.layer.3.attention.self.key.bias,,,
matched,encoder.layer.3.attention.self.key.weight,,,
matched,encoder.layer.3.attention.self.query.bias,,,
matched,encoder.layer.3.attention.self.query.weight,,,
matched,encoder.layer.3.attention.self.value.bias,,,
matched,encoder.layer.3.attention.self.value.weight,,,
matched,encoder.layer.3.intermediate.dense.bias,,,
matched,encoder.layer.3.intermediate.dense.weight,,,
matched,encoder.layer.3.output.LayerNorm.bias,,,
matched,encoder.layer.3.output.LayerNorm.weight,,,
matched,encoder.layer.3.output.dense.bias,,,
matched,encoder.layer.3.output.dense.weight,,,
matched,encoder.layer.4.attention.output.LayerNorm.bias,,,
matched,encoder.layer.4.attention.output.LayerNorm.weight,,,
matched,encoder.layer.4.attention.output.dense.bias,,,
matched,encoder.layer.4.attention.output.dense.weight,,,
matched,encoder.layer.4.attention.self.key.bias,,,
matched,encoder.layer.4.attention.self.key.weight,,,
matched,encoder.layer.4.attention.self.query.bias,,,
matched,encoder.layer.4.attention.self.query.weight,,,
matched,encoder.layer.4.attention.self.value.bias,,,
matched,encoder.layer.4.attention.self.value.weight,,,
matched,encoder.layer.4.intermediate.dense.bias,,,
matched,encoder.layer.4.intermediate.dense.weight,,,
matched,encoder.layer.4.output.LayerNorm.bias,,,
matched,encoder.layer.4.output.LayerNorm.weight,,,
matched,encoder.layer.4.output.dense.bias,,,
matched,encoder.layer.4.output.dense.weight,,,
matched,encoder.layer.5.attention.output.LayerNorm.bias,,,
matched,encoder.layer.5.attention.output.LayerNorm.weight,,,
matched,encoder.layer.5.attention.output.dense.bias,,,
matched,encoder.layer.5.attention.output.dense.weight,,,
matched,encoder.layer.5.attention.self.key.bias,,,
matched,encoder.layer.5.attention.self.key.weight,,,
matched,encoder.layer.5.attention.self.query.bias,,,
matched,encoder.layer.5.attention.self.query.weight,,,
matched,encoder.layer.5.attention.self.value.bias,,,
matched,encoder.layer.5.attention.self.value.weight,,,
matched,encoder.layer.5.intermediate.dense.bias,,,
matched,encoder.layer.5.intermediate.dense.weight,,,
matched,encoder.layer.5.output.LayerNorm.bias,,,
matched,encoder.layer.5.output.LayerNorm.weight,,,
matched,encoder.layer.5.output.dense.bias,,,
matched,encoder.layer.5.output.dense.weight,,,
matched,encoder.layer.6.attention.output.LayerNorm.bias,,,
matched,encoder.layer.6.attention.output.LayerNorm.weight,,,
matched,encoder.layer.6.attention.output.dense.bias,,,
matched,encoder.layer.6.attention.output.dense.weight,,,
matched,encoder.layer.6.attention.self.key.bias,,,
matched,encoder.layer.6.attention.self.key.weight,,,
matched,encoder.layer.6.attention.self.query.bias,,,
matched,encoder.layer.6.attention.self.query.weight,,,
matched,encoder.layer.6.attention.self.value.bias,,,
matched,encoder.layer.6.attention.self.value.weight,,,
matched,encoder.layer.6.intermediate.dense.bias,,,
matched,encoder.layer.6.intermediate.dense.weight,,,
matched,encoder.layer.6.output.LayerNorm.bias,,,
matched,encoder.layer.6.output.LayerNorm.weight,,,
matched,encoder.layer.6.output.dense.bias,,,
matched,encoder.layer.6.output.dense.weight,,,
matched,encoder.layer.7.attention.output.LayerNorm.bias,,,
matched,encoder.layer.7.attention.output.LayerNorm.weight,,,
matched,encoder.layer.7.attention.output.dense.bias,,,
matched,encoder.layer.7.attention.output.dense.weight,,,
matched,encoder.layer.7.attention.self.key.bias,,,
matched,encoder.layer.7.attention.self.key.weight,,,
matched,encoder.layer.7.attention.self.query.bias,,,
matched,encoder.layer.7.attention.self.query.weight,,,
matched,encoder.layer.7.attention.self.value.bias,,,
matched,encoder.layer.7.attention.self.value.weight,,,
matched,encoder.layer.7.intermediate.dense.bias,,,
matched,encoder.layer.7.intermediate.dense.weight,,,
matched,encoder.layer.7.output.LayerNorm.bias,,,
matched,encoder.layer.7.output.LayerNorm.weight,,,
matched,encoder.layer.7.output.dense.bias,,,
matched,encoder.layer.7.output.dense.weight,,,
matched,encoder.layer.8.attention.output.LayerNorm.bias,,,
matched,encoder.layer.8.attention.output.LayerNorm.weight,,,
matched,encoder.layer.8.attention.output.dense.bias,,,
matched,encoder.layer.8.attention.output.dense.weight,,,
matched,encoder.layer.8.attention.self.key.bias,,,
matched,encoder.layer.8.attention.self.key.weight,,,
matched,encoder.layer.8.attention.self.query.bias,,,
matched,encoder.layer.8.attention.self.query.weight,,,
matched,encoder.layer.8.attention.self.value.bias,,,
matched,encoder.layer.8.attention.self.value.weight,,,
matched,encoder.layer.8.intermediate.dense.bias,,,
matched,encoder.layer.8.intermediate.dense.weight,,,
matched,encoder.layer.8.output.LayerNorm.bias,,,
matched,encoder.layer.8.output.LayerNorm.weight,,,
matched,encoder.layer.8.output.dense.bias,,,
matched,encoder.layer.8.output.dense.weight,,,
matched,encoder.layer.9.attention.output.LayerNorm.bias,,,
matched,encoder.layer.9.attention.output.LayerNorm.weight,,,
matched,encoder.layer.9.attention.output.dense.bias,,,
matched,encoder.layer.9.attention.output.dense.weight,,,
matched,encoder.layer.9.attention.self.key.bias,,,
matched,encoder.layer.9.attention.self.key.weight,,,
matched,encoder.layer.9.attention.self.query.bias,,,
matched,encoder.layer.9.attention.self.query.weight,,,
matched,encoder.layer.9.attention.self.value.bias,,,
matched,encoder.layer.9.attention.self.value.weight,,,
matched,encoder.layer.9.intermediate.dense.bias,,,
matched,encoder.layer.9.intermediate.dense.weight,,,
matched,encoder.layer.9.output.LayerNorm.bias,,,
matched,encoder.layer.9.output.LayerNorm.weight,,,
matched,encoder.layer.9.output.dense.bias,,,
matched,encoder.layer.9.output.dense.weight,,,
matched,pooler.dense.bias,,,
matched,pooler.dense.weight,,,
