key,value,synthetic_only
n_samples,64,true
train_acc_per_layer,"[0.5038759708404541, 0.44961240887641907, 0.45736435055732727, 0.4651162922382355, 0.5348837375640869, 0.5503876209259033, 0.42635658383369446, 0.45736435055732727, 0.5038759708404541, 0.44961240887641907, 0.44961240887641907, 0.4883720874786377]",true
backbone_unchanged,True,true
checkpoint_reload_max_diff,0.0,true
temperature,0.958662748336792,true
nll,0.2792006731033325,true
ece,0.2001592516899109,true
threshold_coverage,1.0,true
threshold_quality,0.6666666865348816,true
