encoder_layer,hidden_index,component,numel,base_l2,delta_l2,relative_l2,mean_abs_delta,max_abs_delta,cosine
0,1,attention.self.query.weight,589824,36.36047159640611,0.1024092072753276,0.0028164983230154197,0.00010631125720647445,0.0006485516205430031,0.9999960362150965
0,1,attention.self.key.weight,589824,36.90445884014616,0.10093080579639978,0.0027349217132159424,0.00010482464315047355,0.0006634816527366638,0.9999962618756288
0,1,attention.self.value.weight,589824,24.931966838877447,0.10699779766931607,0.004291590726106293,0.00011081039629701341,0.0006841655122116208,0.9999907934469286
0,1,attention.output.dense.weight,589824,25.458921199777357,0.10628435517046395,0.004174739154752301,0.00010980062150675094,0.0006497837603092194,0.9999912882028059
0,1,intermediate.dense.weight,2359296,61.547356402645114,0.2223732348754729,0.0036130428319406417,0.00011463196407663934,0.0008510220795869827,0.9999934736747027
0,1,output.dense.weight,2359296,59.676970892781476,0.21781788356794723,0.0036499487207433726,0.00011182347378983201,0.0009518284350633621,0.9999933393864447
1,2,attention.self.query.weight,589824,34.1941920785073,0.10622273853156809,0.0031064555725629855,0.00011003326115539804,0.0007308870553970337,0.9999951759326422
1,2,attention.self.key.weight,589824,34.61182662998449,0.1037411022794445,0.0029972732554245716,0.00010752404656586779,0.0006536394357681274,0.9999955089905351
1,2,attention.self.value.weight,589824,25.03716141512636,0.11057160579731581,0.0044162995941909484,0.00011433406032355868,0.0008350610733032227,0.9999902496960527
1,2,attention.output.dense.weight,589824,24.516060162146896,0.10566111489862501,0.004309873372792872,0.00010885679692053584,0.0007333196699619293,0.9999907136386338
1,2,intermediate.dense.weight,2359296,63.146378149337515,0.23327336128366746,0.0036941685037262077,0.00011995298579076904,0.001006048172712326,0.999993177645412
1,2,output.dense.weight,2359296,59.2794941014056,0.2179393480691173,0.0036764711199508983,0.00011157904947362098,0.000979892909526825,0.999993241976985
2,3,attention.self.query.weight,589824,35.15102825464889,0.10751508545311682,0.003058661176971329,0.00011133789812394465,0.0008014664053916931,0.9999953235485445
2,3,attention.self.key.weight,589824,35.11032570532008,0.10560555289684981,0.0030078203712262334,0.0001093860023554975,0.0006649196147918701,0.9999954776577162
2,3,attention.self.value.weight,589824,25.27710507339052,0.11195570994543168,0.004429134967013634,0.00011557336582917999,0.0007051755674183369,0.9999901927401306
2,3,attention.output.dense.weight,589824,24.330968988610365,0.10794154218006763,0.004436384848897569,0.00011104617830279865,0.0007581813260912895,0.9999901605164399
2,3,intermediate.dense.weight,2359296,64.35239715567681,0.23697350466130596,0.0036824347675508693,0.00012163956195521772,0.000989958643913269,0.9999932209523145
2,3,output.dense.weight,2359296,60.01667298351958,0.2208940998490621,0.003680545569557297,0.0001125797446717856,0.0010587992146611214,0.9999932270049695
3,4,attention.self.query.weight,589824,34.60569254735753,0.11266732848059201,0.0032557455200877125,0.00011632461353237144,0.0007656440138816833,0.9999947026600052
3,4,attention.self.key.weight,589824,34.49878222855807,0.11184130725544013,0.0032418914532831816,0.00011566573745439636,0.0007969290018081665,0.9999947476155948
3,4,attention.self.value.weight,589824,27.33734432421473,0.1140472395892161,0.004171847793137533,0.0001181706922235297,0.000763734569773078,0.9999912990809786
3,4,attention.output.dense.weight,589824,25.779677505997252,0.1102437304681394,0.004276381286868032,0.00011309473655570178,0.000813707709312439,0.9999908572494303
3,4,intermediate.dense.weight,2359296,63.227474867912484,0.23677099700005136,0.003744748584293235,0.00012168469029907472,0.0008772502187639475,0.999992988797746
3,4,output.dense.weight,2359296,59.80064459008796,0.2206708853089135,0.0036901088077149254,0.00011285625017257545,0.0011539515107870102,0.9999931922085029
4,5,attention.self.query.weight,589824,34.98802879719883,0.115873215557974,0.0033117960497177513,0.00012004956584743434,0.0007715821266174316,0.999994517267886
4,5,attention.self.key.weight,589824,34.68613442531724,0.11643155929928586,0.003356717640300184,0.0001199531436201911,0.0008157296106219292,0.999994367470795
4,5,attention.self.value.weight,589824,30.44573086680902,0.1199725198351384,0.003940536699873699,0.0001237247153089983,0.0008041560649871826,0.9999922369275465
4,5,attention.output.dense.weight,589824,28.249121659183825,0.11617114249356389,0.004112380692579747,0.00011912711114850873,0.0008662668988108635,0.9999915450145442
4,5,intermediate.dense.weight,2359296,63.56146965414429,0.23858347284715528,0.00375358647534984,0.0001224420553015476,0.0010607652366161346,0.9999929562872484
4,5,output.dense.weight,2359296,59.77193409502354,0.21727451217982238,0.003635059087002375,0.0001101350668875237,0.001153022050857544,0.9999933938309702
5,6,attention.self.query.weight,589824,36.170268363256035,0.11919549275964365,0.0032953997344606295,0.00012175064596204231,0.000902421772480011,0.9999945707277645
5,6,attention.self.key.weight,589824,35.80842956850927,0.11668784534556065,0.003258669725303411,0.00011890127795364726,0.0009948499500751495,0.999994690873606
5,6,attention.self.value.weight,589824,28.970050570464533,0.12414837162828737,0.004285404035671888,0.0001280984606160559,0.0008747754618525505,0.9999908182587589
5,6,attention.output.dense.weight,589824,26.78525978242116,0.11704894509702668,0.004369901432647089,0.00011917806382679083,0.0009452048689126968,0.9999904525791479
5,6,intermediate.dense.weight,2359296,64.1335995295272,0.24737398409369424,0.0038571666943440918,0.0001265886335889881,0.0011240197345614433,0.9999925617595413
5,6,output.dense.weight,2359296,61.81175342810081,0.2180388721988938,0.003527466219713631,0.00011092672909408247,0.001040794886648655,0.9999937793428733
6,7,attention.self.query.weight,589824,37.800626188431295,0.11410052997254631,0.003018482535283139,0.00011725534396604276,0.0008595585823059082,0.9999954469276451
6,7,attention.self.key.weight,589824,36.96849875400801,0.11138200187017795,0.003012889503880713,0.00011460600900075069,0.00079888547770679,0.9999954637060012
6,7,attention.self.value.weight,589824,28.73404334651135,0.1198022805280385,0.0041693498921579345,0.00012227627029311227,0.00094638392329216,0.9999913090967691
6,7,attention.output.dense.weight,589824,26.4105127820482,0.11492211967003667,0.00435137782512696,0.00011700529815632498,0.000820893794298172,0.9999905335101524
6,7,intermediate.dense.weight,2359296,63.81338125247642,0.25857141994734417,0.004051993717811494,0.00013170890490269829,0.0011098645627498627,0.999991791097372
6,7,output.dense.weight,2359296,61.89675677895603,0.21358383071973902,0.0034506465578234354,0.00010731136917433592,0.0012314021587371826,0.9999940472135205
7,8,attention.self.query.weight,589824,36.78439075380176,0.11472056008654377,0.0031187293777507276,0.00011837845238034073,0.000762593001127243,0.9999951398597724
7,8,attention.self.key.weight,589824,36.293762843408096,0.11158800921666918,0.003074578122365631,0.0001149570750390441,0.0008338913321495056,0.999995276507384
7,8,attention.self.value.weight,589824,29.540116854032608,0.1235175352430014,0.0041813489043845695,0.00012452453962988715,0.0009787948802113533,0.9999912588953983
7,8,attention.output.dense.weight,589824,27.48703303461253,0.10907130864192971,0.00396810046775815,0.0001108124578569086,0.0007552504539489746,0.9999921279874321
7,8,intermediate.dense.weight,2359296,61.743697592042054,0.26925658636451205,0.004360875633713516,0.00013635628682297942,0.0013328157365322113,0.9999904925937527
7,8,output.dense.weight,2359296,59.45491435415494,0.2161747133344247,0.003635943566359163,0.00010801406658285623,0.0011295359581708908,0.9999933903994436
8,9,attention.self.query.weight,589824,35.82284181899878,0.13543691293937313,0.003780741729639764,0.00013795816092893208,0.001032195519655943,0.9999928555426404
8,9,attention.self.key.weight,589824,35.47066302286292,0.13456381532572237,0.0037936650701732894,0.00013663120278408237,0.0010512247681617737,0.9999928060655646
8,9,attention.self.value.weight,589824,30.85603409969482,0.13092630154778898,0.004243134458717878,0.00013187023330237503,0.000997491180896759,0.9999909983968427
8,9,attention.output.dense.weight,589824,28.414064766124614,0.1303070746299915,0.004586006110091796,0.0001290566211827778,0.0011264756321907043,0.9999894847682813
8,9,intermediate.dense.weight,2359296,62.19591734878687,0.2721615858687541,0.004375875418679111,0.0001367434747712217,0.0012840460985898972,0.999990427138318
8,9,output.dense.weight,2359296,59.452979920356825,0.2104919035944646,0.003540476926075689,0.0001027838264342508,0.00137099894345738,0.9999937333317356
9,10,attention.self.query.weight,589824,35.196586988325485,0.14883736860111077,0.004228744356675245,0.00014209304286791891,0.001350589096546173,0.9999910599926483
9,10,attention.self.key.weight,589824,35.02488830264758,0.1582689451922776,0.004518756600297675,0.00014789641910438621,0.0014884620904922485,0.9999897912004901
9,10,attention.self.value.weight,589824,29.998731689325076,0.14128355558020517,0.004709650962693211,0.00014192072550592755,0.0013407804071903229,0.9999889097299562
9,10,attention.output.dense.weight,589824,27.341972425310697,0.13515797767013718,0.004943241678680807,0.00012772116657945698,0.0014783773222006857,0.9999877824628146
9,10,intermediate.dense.weight,2359296,62.822543993438835,0.26382210295637115,0.00419948136745186,0.0001315498304369789,0.0013202019035816193,0.9999911835695339
9,10,output.dense.weight,2359296,61.48661292172809,0.1927938345811115,0.003135541631257788,9.34045032730557e-05,0.0012430697679519653,0.999995085041396
10,11,attention.self.query.weight,589824,34.838527791851426,0.16087807786789365,0.004617820788211444,0.00015405971461464118,0.0013959016650915146,0.9999893378217275
10,11,attention.self.key.weight,589824,34.60118376125269,0.1564218774006734,0.004520708842795104,0.0001513950446348325,0.0014639506116509438,0.9999897815500731
10,11,attention.self.value.weight,589824,30.201046593150775,0.13858791765453066,0.004588844867580208,0.00013941831778836568,0.001038532704114914,0.9999894712486819
10,11,attention.output.dense.weight,589824,27.81680292276455,0.13452176564386167,0.004835989456350232,0.00013137299710667163,0.0011793002486228943,0.9999883066789845
10,11,intermediate.dense.weight,2359296,58.93846267912955,0.2669264494526809,0.004528900777508761,0.00013270886972968274,0.0014047585427761078,0.9999897454642424
10,11,output.dense.weight,2359296,58.79310031630322,0.17966755889631195,0.0030559293170408035,8.702281756980875e-05,0.0011391229927539825,0.9999953314327149
11,12,attention.self.query.weight,589824,34.29045017002828,0.11596402129725505,0.0033818168242834537,0.00011555352924074496,0.0007587093859910965,0.9999942822880414
11,12,attention.self.key.weight,589824,34.06106111162651,0.13079409056704136,0.0038399887231462585,0.00013404105662326315,0.0007556788623332977,0.9999926273521642
11,12,attention.self.value.weight,589824,32.57443896414499,0.13052695334332026,0.004007036114635545,0.00013069056310257185,0.0010305419564247131,0.9999919724245437
11,12,attention.output.dense.weight,589824,30.450094119336686,0.13627807626039962,0.004475456651342799,0.00013647110122783898,0.0010264851152896881,0.9999899855914185
11,12,intermediate.dense.weight,2359296,53.38137063551641,0.2572734623257557,0.0048195364649288915,0.00013062369649520327,0.001050792634487152,0.999988386218742
11,12,output.dense.weight,2359296,50.92531585118189,0.17544359486155386,0.0034451154976485455,8.820880560112051e-05,0.0010282369330525398,0.9999940664360031
